id_frente,titulo,id_legislatura,tema_resumo,id_deputado,nome_deputado,sigla_partido,sigla_uf,uf_deputado,titulo_membro
55699,Frente Parlamentar de Acolhimento e Desenvolvimento Integrado,57,Frente Parlamentar de Acolhimento e Desenvolvimento Integrad,73778,Luiz Carlos Hauly,PODE,PR,PR,Membro
55699,Frente Parlamentar de Acolhimento e Desenvolvimento Integrado,57,Frente Parlamentar de Acolhimento e Desenvolvimento Integrad,74253,Julio Lopes,PP,RJ,RJ,Membro
55699,Frente Parlamentar de Acolhimento e Desenvolvimento Integrado,57,Frente Parlamentar de Acolhimento e Desenvolvimento Integrad,74856,Laura Carneiro,PSD,RJ,RJ,Membro
55699,Frente Parlamentar de Acolhimento e Desenvolvimento Integrado,57,Frente Parlamentar de Acolhimento e Desenvolvimento Integrad,141555,Vinicius Carvalho,PL,SP,SP,Membro
55699,Frente Parlamentar de Acolhimento e Desenvolvimento Integrado,57,Frente Parlamentar de Acolhimento e Desenvolvimento Integrad,178966,Geovania de Sá,REPUBLICANOS,SC,SC,Membro
55699,Frente Parlamentar de Acolhimento e Desenvolvimento Integrado,57,Frente Parlamentar de Acolhimento e Desenvolvimento Integrad,180214,Pastor Diniz,UNIÃO,RR,RR,Membro
55699,Frente Parlamentar de Acolhimento e Desenvolvimento Integrado,57,Frente Parlamentar de Acolhimento e Desenvolvimento Integrad,204353,Aline Gurgel,UNIÃO,AP,AP,Membro
55699,Frente Parlamentar de Acolhimento e Desenvolvimento Integrado,57,Frente Parlamentar de Acolhimento e Desenvolvimento Integrad,204409,Daniel Trzeciak,PSDB,RS,RS,Membro
55699,Frente Parlamentar de Acolhimento e Desenvolvimento Integrado,57,Frente Parlamentar de Acolhimento e Desenvolvimento Integrad,205865,Reinhold Stephanes,PL,PR,,Membro
55699,Frente Parlamentar de Acolhimento e Desenvolvimento Integrado,57,Frente Parlamentar de Acolhimento e Desenvolvimento Integrad,220594,Coronel Assis,PL,MT,MT,Membro
55699,Frente Parlamentar de Acolhimento e Desenvolvimento Integrado,57,Frente Parlamentar de Acolhimento e Desenvolvimento Integrad,220690,Capitão Alden,PL,BA,BA,Membro
55644,Frente Parlamentar para o Fortalecimento da Indústria Ferroviária Brasilieira,57,Frente Parlamentar para o Fortalecimento da Indústria Ferrov,73801,Renildo Calheiros,PCDOB,PE,PE,Membro
55644,Frente Parlamentar para o Fortalecimento da Indústria Ferroviária Brasilieira,57,Frente Parlamentar para o Fortalecimento da Indústria Ferrov,74156,Leonardo Monteiro,PT,MG,MG,Membro
55644,Frente Parlamentar para o Fortalecimento da Indústria Ferroviária Brasilieira,57,Frente Parlamentar para o Fortalecimento da Indústria Ferrov,160538,Bohn Gass,PT,RS,RS,Membro
55644,Frente Parlamentar para o Fortalecimento da Indústria Ferroviária Brasilieira,57,Frente Parlamentar para o Fortalecimento da Indústria Ferrov,161440,Pezenti,MDB,SC,SC,Membro
55644,Frente Parlamentar para o Fortalecimento da Indústria Ferroviária Brasilieira,57,Frente Parlamentar para o Fortalecimento da Indústria Ferrov,178986,Nilto Tatto,PT,SP,SP,Membro
55644,Frente Parlamentar para o Fortalecimento da Indústria Ferroviária Brasilieira,57,Frente Parlamentar para o Fortalecimento da Indústria Ferrov,204361,Carlos Chiodini,MDB,SC,SC,Membro
55644,Frente Parlamentar para o Fortalecimento da Indústria Ferroviária Brasilieira,57,Frente Parlamentar para o Fortalecimento da Indústria Ferrov,204504,Cezinha de Madureira,PL,SP,SP,Membro
55644,Frente Parlamentar para o Fortalecimento da Indústria Ferroviária Brasilieira,57,Frente Parlamentar para o Fortalecimento da Indústria Ferrov,204559,Zé Neto,PT,BA,BA,Membro
55644,Frente Parlamentar para o Fortalecimento da Indústria Ferroviária Brasilieira,57,Frente Parlamentar para o Fortalecimento da Indústria Ferrov,209189,Joseildo Ramos,PT,BA,BA,Membro
55644,Frente Parlamentar para o Fortalecimento da Indústria Ferroviária Brasilieira,57,Frente Parlamentar para o Fortalecimento da Indústria Ferrov,220532,Rafael Prudente,MDB,DF,DF,Membro
55644,Frente Parlamentar para o Fortalecimento da Indústria Ferroviária Brasilieira,57,Frente Parlamentar para o Fortalecimento da Indústria Ferrov,220534,Fred Linhares,REPUBLICANOS,DF,DF,Membro
55644,Frente Parlamentar para o Fortalecimento da Indústria Ferroviária Brasilieira,57,Frente Parlamentar para o Fortalecimento da Indústria Ferrov,220609,Maurício Carvalho,UNIÃO,RO,RO,Membro
55644,Frente Parlamentar para o Fortalecimento da Indústria Ferroviária Brasilieira,57,Frente Parlamentar para o Fortalecimento da Indústria Ferrov,220694,Ricardo Maia,MDB,BA,BA,Membro
55644,Frente Parlamentar para o Fortalecimento da Indústria Ferroviária Brasilieira,57,Frente Parlamentar para o Fortalecimento da Indústria Ferrov,220708,Gabriel Nunes,PSD,BA,BA,Membro
55704,Frente Parlamentar Mista de Telecomunicações e Soluções Digitais.,57,Frente Parlamentar Mista de Telecomunicações e Soluções Digi,66828,Fausto Pinato,UNIÃO,SP,SP,Membro
55704,Frente Parlamentar Mista de Telecomunicações e Soluções Digitais.,57,Frente Parlamentar Mista de Telecomunicações e Soluções Digi,74044,Wilson Santiago,REPUBLICANOS,PB,PB,Membro
55704,Frente Parlamentar Mista de Telecomunicações e Soluções Digitais.,57,Frente Parlamentar Mista de Telecomunicações e Soluções Digi,74398,Maria do Rosário,PT,RS,RS,Membro
55704,Frente Parlamentar Mista de Telecomunicações e Soluções Digitais.,57,Frente Parlamentar Mista de Telecomunicações e Soluções Digi,204356,Amaro Neto,PP,ES,ES,Membro
55704,Frente Parlamentar Mista de Telecomunicações e Soluções Digitais.,57,Frente Parlamentar Mista de Telecomunicações e Soluções Digi,204391,José Nelto,UNIÃO,GO,GO,Membro
55704,Frente Parlamentar Mista de Telecomunicações e Soluções Digitais.,57,Frente Parlamentar Mista de Telecomunicações e Soluções Digi,204406,Pedro Westphalen,PP,RS,RS,Membro
55704,Frente Parlamentar Mista de Telecomunicações e Soluções Digitais.,57,Frente Parlamentar Mista de Telecomunicações e Soluções Digi,204416,Sanderson,PL,RS,RS,Membro
55704,Frente Parlamentar Mista de Telecomunicações e Soluções Digitais.,57,Frente Parlamentar Mista de Telecomunicações e Soluções Digi,205476,Charles Fernandes,PSD,BA,BA,Membro
55704,Frente Parlamentar Mista de Telecomunicações e Soluções Digitais.,57,Frente Parlamentar Mista de Telecomunicações e Soluções Digi,220624,Robinson Faria,PP,RN,RN,Membro
55704,Frente Parlamentar Mista de Telecomunicações e Soluções Digitais.,57,Frente Parlamentar Mista de Telecomunicações e Soluções Digi,220689,Detinha,PL,MA,,Membro
55704,Frente Parlamentar Mista de Telecomunicações e Soluções Digitais.,57,Frente Parlamentar Mista de Telecomunicações e Soluções Digi,220712,Fausto Jr.,UNIÃO,AM,AM,Membro
55704,Frente Parlamentar Mista de Telecomunicações e Soluções Digitais.,57,Frente Parlamentar Mista de Telecomunicações e Soluções Digi,227433,Douglas Viegas,UNIÃO,SP,,Membro
55692,Frente Parlamentar em Defesa da Oftalmologia - FPOF,57,Frente Parlamentar em Defesa da Oftalmologia - FPOF,73692,Osmar Terra,PL,RS,RS,Membro
55692,Frente Parlamentar em Defesa da Oftalmologia - FPOF,57,Frente Parlamentar em Defesa da Oftalmologia - FPOF,73801,Renildo Calheiros,PCDOB,PE,PE,Membro
55692,Frente Parlamentar em Defesa da Oftalmologia - FPOF,57,Frente Parlamentar em Defesa da Oftalmologia - FPOF,74160,Patrus Ananias,PT,MG,MG,Membro
55692,Frente Parlamentar em Defesa da Oftalmologia - FPOF,57,Frente Parlamentar em Defesa da Oftalmologia - FPOF,160518,Weliton Prado,SOLIDARIEDADE,MG,MG,Membro
55692,Frente Parlamentar em Defesa da Oftalmologia - FPOF,57,Frente Parlamentar em Defesa da Oftalmologia - FPOF,178929,Diego Garcia,UNIÃO,PR,PR,Membro
55692,Frente Parlamentar em Defesa da Oftalmologia - FPOF,57,Frente Parlamentar em Defesa da Oftalmologia - FPOF,204412,Dr. Zacharias Calil,MDB,GO,GO,Membro
55692,Frente Parlamentar em Defesa da Oftalmologia - FPOF,57,Frente Parlamentar em Defesa da Oftalmologia - FPOF,204422,Ossesio Silva,REPUBLICANOS,PE,,Membro
55692,Frente Parlamentar em Defesa da Oftalmologia - FPOF,57,Frente Parlamentar em Defesa da Oftalmologia - FPOF,204453,Natália Bonavides,PT,RN,RN,Membro
55692,Frente Parlamentar em Defesa da Oftalmologia - FPOF,57,Frente Parlamentar em Defesa da Oftalmologia - FPOF,204526,Luiz Philippe de Orleans e Bragança,PL,SP,SP,Membro
55692,Frente Parlamentar em Defesa da Oftalmologia - FPOF,57,Frente Parlamentar em Defesa da Oftalmologia - FPOF,204566,Marreca Filho,PRD,MA,,Membro
55692,Frente Parlamentar em Defesa da Oftalmologia - FPOF,57,Frente Parlamentar em Defesa da Oftalmologia - FPOF,204570,Pastor Gil,PL,MA,MA,Membro
55692,Frente Parlamentar em Defesa da Oftalmologia - FPOF,57,Frente Parlamentar em Defesa da Oftalmologia - FPOF,220539,Defensor Stélio Dener,UNIÃO,RR,RR,Membro
55692,Frente Parlamentar em Defesa da Oftalmologia - FPOF,57,Frente Parlamentar em Defesa da Oftalmologia - FPOF,220573,Dorinaldo Malafaia,PDT,AP,AP,Membro
55692,Frente Parlamentar em Defesa da Oftalmologia - FPOF,57,Frente Parlamentar em Defesa da Oftalmologia - FPOF,220672,Henderson Pinto,UNIÃO,PA,PA,Membro
55692,Frente Parlamentar em Defesa da Oftalmologia - FPOF,57,Frente Parlamentar em Defesa da Oftalmologia - FPOF,220683,Beto Richa,PSDB,PR,PR,Membro
55680,Frente Parlamentar Mista da Valorização e Defesa dos Direitos das Pessoas com Nanismo,57,Frente Parlamentar Mista da Valorização e Defesa dos Direito,69871,Bacelar,PV,BA,BA,Membro
55680,Frente Parlamentar Mista da Valorização e Defesa dos Direitos das Pessoas com Nanismo,57,Frente Parlamentar Mista da Valorização e Defesa dos Direito,138286,Luciano Alves,PSD,PR,,Membro
55680,Frente Parlamentar Mista da Valorização e Defesa dos Direitos das Pessoas com Nanismo,57,Frente Parlamentar Mista da Valorização e Defesa dos Direito,141555,Vinicius Carvalho,PL,SP,SP,Membro
55680,Frente Parlamentar Mista da Valorização e Defesa dos Direitos das Pessoas com Nanismo,57,Frente Parlamentar Mista da Valorização e Defesa dos Direito,160588,Diego Andrade,PSD,MG,MG,Membro
55680,Frente Parlamentar Mista da Valorização e Defesa dos Direitos das Pessoas com Nanismo,57,Frente Parlamentar Mista da Valorização e Defesa dos Direito,160604,Pedro Uczai,PT,SC,SC,Membro
55680,Frente Parlamentar Mista da Valorização e Defesa dos Direitos das Pessoas com Nanismo,57,Frente Parlamentar Mista da Valorização e Defesa dos Direito,204573,Otto Alencar Filho,PSD,BA,,Membro
55680,Frente Parlamentar Mista da Valorização e Defesa dos Direitos das Pessoas com Nanismo,57,Frente Parlamentar Mista da Valorização e Defesa dos Direito,213762,Carla Dickson,PL,RN,RN,Membro
55680,Frente Parlamentar Mista da Valorização e Defesa dos Direitos das Pessoas com Nanismo,57,Frente Parlamentar Mista da Valorização e Defesa dos Direito,220648,Marangoni,PODE,SP,SP,Membro
55680,Frente Parlamentar Mista da Valorização e Defesa dos Direitos das Pessoas com Nanismo,57,Frente Parlamentar Mista da Valorização e Defesa dos Direito,220702,Geraldo Mendes,UNIÃO,PR,PR,Membro
55700,Frente Parlamentar Mista pela Integração Sul-Americana,57,Frente Parlamentar Mista pela Integração Sul-Americana,74090,Átila Lins,PSD,AM,AM,Membro
55700,Frente Parlamentar Mista pela Integração Sul-Americana,57,Frente Parlamentar Mista pela Integração Sul-Americana,74156,Leonardo Monteiro,PT,MG,MG,Membro
55700,Frente Parlamentar Mista pela Integração Sul-Americana,57,Frente Parlamentar Mista pela Integração Sul-Americana,88256,Clodoaldo Magalhães,PV,PE,PE,Membro
55700,Frente Parlamentar Mista pela Integração Sul-Americana,57,Frente Parlamentar Mista pela Integração Sul-Americana,160535,Marcon,PT,RS,RS,Membro
55700,Frente Parlamentar Mista pela Integração Sul-Americana,57,Frente Parlamentar Mista pela Integração Sul-Americana,204479,Nicoletti,PL,RR,RR,Membro
55700,Frente Parlamentar Mista pela Integração Sul-Americana,57,Frente Parlamentar Mista pela Integração Sul-Americana,204489,Robério Monteiro,PSB,CE,CE,Membro
55700,Frente Parlamentar Mista pela Integração Sul-Americana,57,Frente Parlamentar Mista pela Integração Sul-Americana,220526,Gilvan da Federal,PL,ES,ES,Membro
55700,Frente Parlamentar Mista pela Integração Sul-Americana,57,Frente Parlamentar Mista pela Integração Sul-Americana,220589,Eduardo Velloso,SOLIDARIEDADE,AC,AC,Membro
55700,Frente Parlamentar Mista pela Integração Sul-Americana,57,Frente Parlamentar Mista pela Integração Sul-Americana,220688,Dr. Francisco,PT,PI,PI,Membro
55700,Frente Parlamentar Mista pela Integração Sul-Americana,57,Frente Parlamentar Mista pela Integração Sul-Americana,224333,Welter,PT,PR,PR,Membro
55700,Frente Parlamentar Mista pela Integração Sul-Americana,57,Frente Parlamentar Mista pela Integração Sul-Americana,230767,Rodrigo da Zaeli,PL,MT,MT,Membro
55700,Frente Parlamentar Mista pela Integração Sul-Americana,57,Frente Parlamentar Mista pela Integração Sul-Americana,230768,Zé Adriano,PP,AC,AC,Membro
55697,Frente Parlamentar Mista em Defesa dos Vereadores e das Câmaras Municipais,57,Frente Parlamentar Mista em Defesa dos Vereadores e das Câma,73692,Osmar Terra,PL,RS,RS,Membro
55697,Frente Parlamentar Mista em Defesa dos Vereadores e das Câmaras Municipais,57,Frente Parlamentar Mista em Defesa dos Vereadores e das Câma,74041,Luiz Couto,PT,PB,PB,Membro
55697,Frente Parlamentar Mista em Defesa dos Vereadores e das Câmaras Municipais,57,Frente Parlamentar Mista em Defesa dos Vereadores e das Câma,74398,Maria do Rosário,PT,RS,RS,Membro
55697,Frente Parlamentar Mista em Defesa dos Vereadores e das Câmaras Municipais,57,Frente Parlamentar Mista em Defesa dos Vereadores e das Câma,178997,Moses Rodrigues,UNIÃO,CE,CE,Membro
55697,Frente Parlamentar Mista em Defesa dos Vereadores e das Câmaras Municipais,57,Frente Parlamentar Mista em Defesa dos Vereadores e das Câma,204360,Silvia Cristina,PP,RO,RO,Membro
55697,Frente Parlamentar Mista em Defesa dos Vereadores e das Câmaras Municipais,57,Frente Parlamentar Mista em Defesa dos Vereadores e das Câma,204411,Filipe Barros,PL,PR,PR,Membro
55697,Frente Parlamentar Mista em Defesa dos Vereadores e das Câmaras Municipais,57,Frente Parlamentar Mista em Defesa dos Vereadores e das Câma,204559,Zé Neto,PT,BA,BA,Membro
55697,Frente Parlamentar Mista em Defesa dos Vereadores e das Câmaras Municipais,57,Frente Parlamentar Mista em Defesa dos Vereadores e das Câma,220543,Ricardo Ayres,REPUBLICANOS,TO,TO,Membro
55662,Frente Parlamentar Mista em Defesa da Pessoa com Epilepsia,57,Frente Parlamentar Mista em Defesa da Pessoa com Epilepsia,74848,Jandira Feghali,PCDOB,RJ,RJ,Membro
55662,Frente Parlamentar Mista em Defesa da Pessoa com Epilepsia,57,Frente Parlamentar Mista em Defesa da Pessoa com Epilepsia,74858,Lindbergh Farias,PT,RJ,RJ,Membro
55662,Frente Parlamentar Mista em Defesa da Pessoa com Epilepsia,57,Frente Parlamentar Mista em Defesa da Pessoa com Epilepsia,81055,Márcio Jerry,PCDOB,MA,MA,Membro
55662,Frente Parlamentar Mista em Defesa da Pessoa com Epilepsia,57,Frente Parlamentar Mista em Defesa da Pessoa com Epilepsia,98615,Ismael,PL,SC,SC,Membro
55662,Frente Parlamentar Mista em Defesa da Pessoa com Epilepsia,57,Frente Parlamentar Mista em Defesa da Pessoa com Epilepsia,141464,José Airton Félix Cirilo,PT,CE,CE,Membro
55662,Frente Parlamentar Mista em Defesa da Pessoa com Epilepsia,57,Frente Parlamentar Mista em Defesa da Pessoa com Epilepsia,141480,Lázaro Botelho,PP,TO,,Membro
55662,Frente Parlamentar Mista em Defesa da Pessoa com Epilepsia,57,Frente Parlamentar Mista em Defesa da Pessoa com Epilepsia,160553,Antonio Brito,PSD,BA,BA,Membro
55662,Frente Parlamentar Mista em Defesa da Pessoa com Epilepsia,57,Frente Parlamentar Mista em Defesa da Pessoa com Epilepsia,160592,Zeca Dirceu,PT,PR,PR,Membro
55662,Frente Parlamentar Mista em Defesa da Pessoa com Epilepsia,57,Frente Parlamentar Mista em Defesa da Pessoa com Epilepsia,160629,Romero Rodrigues,PODE,PB,PB,Membro
55662,Frente Parlamentar Mista em Defesa da Pessoa com Epilepsia,57,Frente Parlamentar Mista em Defesa da Pessoa com Epilepsia,161550,Emidinho Madeira,PL,MG,MG,Membro
55662,Frente Parlamentar Mista em Defesa da Pessoa com Epilepsia,57,Frente Parlamentar Mista em Defesa da Pessoa com Epilepsia,204559,Zé Neto,PT,BA,BA,Membro
55662,Frente Parlamentar Mista em Defesa da Pessoa com Epilepsia,57,Frente Parlamentar Mista em Defesa da Pessoa com Epilepsia,204566,Marreca Filho,PRD,MA,,Membro
55662,Frente Parlamentar Mista em Defesa da Pessoa com Epilepsia,57,Frente Parlamentar Mista em Defesa da Pessoa com Epilepsia,220531,Gilvan Maximo,REPUBLICANOS,DF,,Membro
55662,Frente Parlamentar Mista em Defesa da Pessoa com Epilepsia,57,Frente Parlamentar Mista em Defesa da Pessoa com Epilepsia,220539,Defensor Stélio Dener,UNIÃO,RR,RR,Membro
55662,Frente Parlamentar Mista em Defesa da Pessoa com Epilepsia,57,Frente Parlamentar Mista em Defesa da Pessoa com Epilepsia,220573,Dorinaldo Malafaia,PDT,AP,AP,Membro
55662,Frente Parlamentar Mista em Defesa da Pessoa com Epilepsia,57,Frente Parlamentar Mista em Defesa da Pessoa com Epilepsia,220575,Sonize Barbosa,PL,AP,,Membro
55671,Frente Parlamentar em defesa do Estado Laico e da Liberdade Religiosa,57,Frente Parlamentar em defesa do Estado Laico e da Liberdade ,73486,Pompeo de Mattos,PDT,RS,RS,Membro
55671,Frente Parlamentar em defesa do Estado Laico e da Liberdade Religiosa,57,Frente Parlamentar em defesa do Estado Laico e da Liberdade ,150418,Márcio Marinho,REPUBLICANOS,BA,BA,Membro
55671,Frente Parlamentar em defesa do Estado Laico e da Liberdade Religiosa,57,Frente Parlamentar em defesa do Estado Laico e da Liberdade ,160592,Zeca Dirceu,PT,PR,PR,Membro
55671,Frente Parlamentar em defesa do Estado Laico e da Liberdade Religiosa,57,Frente Parlamentar em defesa do Estado Laico e da Liberdade ,204567,Raimundo Costa,PSD,BA,BA,Membro
55671,Frente Parlamentar em defesa do Estado Laico e da Liberdade Religiosa,57,Frente Parlamentar em defesa do Estado Laico e da Liberdade ,220556,Ana Paula Lima,PT,SC,SC,Membro
55671,Frente Parlamentar em defesa do Estado Laico e da Liberdade Religiosa,57,Frente Parlamentar em defesa do Estado Laico e da Liberdade ,220558,Zé Trovão,PL,SC,SC,Membro
55671,Frente Parlamentar em defesa do Estado Laico e da Liberdade Religiosa,57,Frente Parlamentar em defesa do Estado Laico e da Liberdade ,220580,Professora Goreth,PDT,AP,,Membro
55671,Frente Parlamentar em defesa do Estado Laico e da Liberdade Religiosa,57,Frente Parlamentar em defesa do Estado Laico e da Liberdade ,220668,Maria Arraes,PSB,PE,PE,Membro
55671,Frente Parlamentar em defesa do Estado Laico e da Liberdade Religiosa,57,Frente Parlamentar em defesa do Estado Laico e da Liberdade ,220676,Andreia Siqueira,PSB,PA,PA,Membro
55671,Frente Parlamentar em defesa do Estado Laico e da Liberdade Religiosa,57,Frente Parlamentar em defesa do Estado Laico e da Liberdade ,220708,Gabriel Nunes,PSD,BA,BA,Membro
55641,Frente Parlamentar Conservadora em Defesa da Liberdade,57,Frente Parlamentar Conservadora em Defesa da Liberdade,66385,Julio Arcoverde,PP,PI,PI,Membro
55641,Frente Parlamentar Conservadora em Defesa da Liberdade,57,Frente Parlamentar Conservadora em Defesa da Liberdade,74043,Wellington Roberto,PSD,PB,PB,Membro
55641,Frente Parlamentar Conservadora em Defesa da Liberdade,57,Frente Parlamentar Conservadora em Defesa da Liberdade,141450,Hugo Leal,PSD,RJ,RJ,Membro
55641,Frente Parlamentar Conservadora em Defesa da Liberdade,57,Frente Parlamentar Conservadora em Defesa da Liberdade,156190,Marcel van Hattem,NOVO,RS,RS,Membro
55641,Frente Parlamentar Conservadora em Defesa da Liberdade,57,Frente Parlamentar Conservadora em Defesa da Liberdade,160517,Paulo Folletto,PSB,ES,ES,Membro
55641,Frente Parlamentar Conservadora em Defesa da Liberdade,57,Frente Parlamentar Conservadora em Defesa da Liberdade,178871,Evair Vieira de Melo,REPUBLICANOS,ES,ES,Membro
55641,Frente Parlamentar Conservadora em Defesa da Liberdade,57,Frente Parlamentar Conservadora em Defesa da Liberdade,204427,Fernando Rodolfo,PRD,PE,PE,Membro
55641,Frente Parlamentar Conservadora em Defesa da Liberdade,57,Frente Parlamentar Conservadora em Defesa da Liberdade,204528,Adriana Ventura,NOVO,SP,SP,Membro
55641,Frente Parlamentar Conservadora em Defesa da Liberdade,57,Frente Parlamentar Conservadora em Defesa da Liberdade,220531,Gilvan Maximo,REPUBLICANOS,DF,,Membro
55641,Frente Parlamentar Conservadora em Defesa da Liberdade,57,Frente Parlamentar Conservadora em Defesa da Liberdade,220611,General Pazuello,PL,RJ,RJ,Membro
55641,Frente Parlamentar Conservadora em Defesa da Liberdade,57,Frente Parlamentar Conservadora em Defesa da Liberdade,220633,Ricardo Salles,NOVO,SP,SP,Membro
55641,Frente Parlamentar Conservadora em Defesa da Liberdade,57,Frente Parlamentar Conservadora em Defesa da Liberdade,220650,Paulo Alexandre Barbosa,PSDB,SP,SP,Membro
55641,Frente Parlamentar Conservadora em Defesa da Liberdade,57,Frente Parlamentar Conservadora em Defesa da Liberdade,220666,Coronel Meira,PL,PE,PE,Membro
55638,Frente Parlamentar Mista da Causa QESA,57,Frente Parlamentar Mista da Causa QESA,123756,Antônia Lúcia,MDB,AC,AC,Membro
55638,Frente Parlamentar Mista da Causa QESA,57,Frente Parlamentar Mista da Causa QESA,138286,Luciano Alves,PSD,PR,,Membro
55638,Frente Parlamentar Mista da Causa QESA,57,Frente Parlamentar Mista da Causa QESA,141464,José Airton Félix Cirilo,PT,CE,CE,Membro
55638,Frente Parlamentar Mista da Causa QESA,57,Frente Parlamentar Mista da Causa QESA,141470,José Guimarães,PT,CE,,Membro
55638,Frente Parlamentar Mista da Causa QESA,57,Frente Parlamentar Mista da Causa QESA,152605,Glauber Braga,PSOL,RJ,,Membro
55638,Frente Parlamentar Mista da Causa QESA,57,Frente Parlamentar Mista da Causa QESA,153423,Renilce Nicodemos,MDB,PA,PA,Membro
55638,Frente Parlamentar Mista da Causa QESA,57,Frente Parlamentar Mista da Causa QESA,178887,Rubens Pereira Júnior,PT,MA,MA,Membro
55638,Frente Parlamentar Mista da Causa QESA,57,Frente Parlamentar Mista da Causa QESA,204358,Beto Pereira,REPUBLICANOS,MS,MS,Membro
55638,Frente Parlamentar Mista da Causa QESA,57,Frente Parlamentar Mista da Causa QESA,204378,Coronel Chrisóstomo,PL,RO,RO,Membro
55638,Frente Parlamentar Mista da Causa QESA,57,Frente Parlamentar Mista da Causa QESA,205476,Charles Fernandes,PSD,BA,BA,Membro
55638,Frente Parlamentar Mista da Causa QESA,57,Frente Parlamentar Mista da Causa QESA,220565,Delegada Adriana Accorsi,PT,GO,GO,Membro
55638,Frente Parlamentar Mista da Causa QESA,57,Frente Parlamentar Mista da Causa QESA,220588,Roberto Duarte,REPUBLICANOS,AC,AC,Membro
55638,Frente Parlamentar Mista da Causa QESA,57,Frente Parlamentar Mista da Causa QESA,220597,Thiago Flores,UNIÃO,RO,RO,Membro
55638,Frente Parlamentar Mista da Causa QESA,57,Frente Parlamentar Mista da Causa QESA,220612,Bebeto,PP,RJ,RJ,Membro
55638,Frente Parlamentar Mista da Causa QESA,57,Frente Parlamentar Mista da Causa QESA,220648,Marangoni,PODE,SP,SP,Membro
55638,Frente Parlamentar Mista da Causa QESA,57,Frente Parlamentar Mista da Causa QESA,220659,Dayany Bittencourt,UNIÃO,CE,,Membro
55638,Frente Parlamentar Mista da Causa QESA,57,Frente Parlamentar Mista da Causa QESA,220663,Eriberto Medeiros,PSB,PE,PE,Membro
55638,Frente Parlamentar Mista da Causa QESA,57,Frente Parlamentar Mista da Causa QESA,220691,Diego Coronel,REPUBLICANOS,BA,BA,Membro
55638,Frente Parlamentar Mista da Causa QESA,57,Frente Parlamentar Mista da Causa QESA,220707,Amanda Gentil,PP,MA,MA,Membro
55652,Frente Parlamentar Mista em Defesa das Organizações da Sociedade Civil,57,Frente Parlamentar Mista em Defesa das Organizações da Socie,74084,Raimundo Santos,PSD,PA,PA,Membro
55652,Frente Parlamentar Mista em Defesa das Organizações da Sociedade Civil,57,Frente Parlamentar Mista em Defesa das Organizações da Socie,74270,Gilberto Nascimento,PODE,SP,SP,Membro
55652,Frente Parlamentar Mista em Defesa das Organizações da Sociedade Civil,57,Frente Parlamentar Mista em Defesa das Organizações da Socie,74550,João Leão,PP,BA,,Membro
55652,Frente Parlamentar Mista em Defesa das Organizações da Sociedade Civil,57,Frente Parlamentar Mista em Defesa das Organizações da Socie,141398,Carlos Zarattini,PT,SP,SP,Membro
55652,Frente Parlamentar Mista em Defesa das Organizações da Sociedade Civil,57,Frente Parlamentar Mista em Defesa das Organizações da Socie,178884,Hildo Rocha,MDB,MA,MA,Membro
55652,Frente Parlamentar Mista em Defesa das Organizações da Sociedade Civil,57,Frente Parlamentar Mista em Defesa das Organizações da Socie,178934,Toninho Wandscheer,PP,PR,PR,Membro
55652,Frente Parlamentar Mista em Defesa das Organizações da Sociedade Civil,57,Frente Parlamentar Mista em Defesa das Organizações da Socie,204472,José Medeiros,PL,MT,MT,Membro
55652,Frente Parlamentar Mista em Defesa das Organizações da Sociedade Civil,57,Frente Parlamentar Mista em Defesa das Organizações da Socie,220581,Luciano Amaral,PSD,AL,AL,Membro
55652,Frente Parlamentar Mista em Defesa das Organizações da Sociedade Civil,57,Frente Parlamentar Mista em Defesa das Organizações da Socie,220591,Meire Serafim,UNIÃO,AC,AC,Membro
55652,Frente Parlamentar Mista em Defesa das Organizações da Sociedade Civil,57,Frente Parlamentar Mista em Defesa das Organizações da Socie,220629,Dandara,PT,MG,MG,Membro
55652,Frente Parlamentar Mista em Defesa das Organizações da Sociedade Civil,57,Frente Parlamentar Mista em Defesa das Organizações da Socie,220656,Fernanda Pessoa,PSD,CE,CE,Membro
55651,Frente Parlamentar ESG na prática do Congresso Nacional (FPESG),57,Frente Parlamentar ESG na prática do Congresso Nacional (FPE,73778,Luiz Carlos Hauly,PODE,PR,PR,Membro
55651,Frente Parlamentar ESG na prática do Congresso Nacional (FPESG),57,Frente Parlamentar ESG na prática do Congresso Nacional (FPE,81055,Márcio Jerry,PCDOB,MA,MA,Membro
55651,Frente Parlamentar ESG na prática do Congresso Nacional (FPESG),57,Frente Parlamentar ESG na prática do Congresso Nacional (FPE,136811,Afonso Hamm,PP,RS,RS,Membro
55651,Frente Parlamentar ESG na prática do Congresso Nacional (FPESG),57,Frente Parlamentar ESG na prática do Congresso Nacional (FPE,160556,Padre João,PT,MG,MG,Membro
55651,Frente Parlamentar ESG na prática do Congresso Nacional (FPESG),57,Frente Parlamentar ESG na prática do Congresso Nacional (FPE,171617,Paulão,PT,AL,AL,Membro
55651,Frente Parlamentar ESG na prática do Congresso Nacional (FPESG),57,Frente Parlamentar ESG na prática do Congresso Nacional (FPE,204557,Sidney Leite,PSD,AM,AM,Membro
55651,Frente Parlamentar ESG na prática do Congresso Nacional (FPESG),57,Frente Parlamentar ESG na prática do Congresso Nacional (FPE,204559,Zé Neto,PT,BA,BA,Membro
55651,Frente Parlamentar ESG na prática do Congresso Nacional (FPESG),57,Frente Parlamentar ESG na prática do Congresso Nacional (FPE,204560,Adolfo Viana,PSDB,BA,BA,Membro
55651,Frente Parlamentar ESG na prática do Congresso Nacional (FPESG),57,Frente Parlamentar ESG na prática do Congresso Nacional (FPE,220591,Meire Serafim,UNIÃO,AC,AC,Membro
55651,Frente Parlamentar ESG na prática do Congresso Nacional (FPESG),57,Frente Parlamentar ESG na prática do Congresso Nacional (FPE,220635,Bruno Ganem,PODE,SP,SP,Membro
55651,Frente Parlamentar ESG na prática do Congresso Nacional (FPESG),57,Frente Parlamentar ESG na prática do Congresso Nacional (FPE,220663,Eriberto Medeiros,PSB,PE,PE,Membro
55651,Frente Parlamentar ESG na prática do Congresso Nacional (FPESG),57,Frente Parlamentar ESG na prática do Congresso Nacional (FPE,220666,Coronel Meira,PL,PE,PE,Membro
55651,Frente Parlamentar ESG na prática do Congresso Nacional (FPESG),57,Frente Parlamentar ESG na prática do Congresso Nacional (FPE,227433,Douglas Viegas,UNIÃO,SP,,Membro
55604,Frente Parlamentar Mista em Apoio ao Acolhimento Humanitário de Migrantes Transnacionais e Refugiados,57,Frente Parlamentar Mista em Apoio ao Acolhimento Humanitário,74084,Raimundo Santos,PSD,PA,PA,Membro
55604,Frente Parlamentar Mista em Apoio ao Acolhimento Humanitário de Migrantes Transnacionais e Refugiados,57,Frente Parlamentar Mista em Apoio ao Acolhimento Humanitário,103758,Luciano Azevedo,PSD,RS,,Membro
55604,Frente Parlamentar Mista em Apoio ao Acolhimento Humanitário de Migrantes Transnacionais e Refugiados,57,Frente Parlamentar Mista em Apoio ao Acolhimento Humanitário,123756,Antônia Lúcia,MDB,AC,AC,Membro
55604,Frente Parlamentar Mista em Apoio ao Acolhimento Humanitário de Migrantes Transnacionais e Refugiados,57,Frente Parlamentar Mista em Apoio ao Acolhimento Humanitário,178843,Marx Beltrão,UNIÃO,AL,AL,Membro
55604,Frente Parlamentar Mista em Apoio ao Acolhimento Humanitário de Migrantes Transnacionais e Refugiados,57,Frente Parlamentar Mista em Apoio ao Acolhimento Humanitário,178871,Evair Vieira de Melo,REPUBLICANOS,ES,ES,Membro
55604,Frente Parlamentar Mista em Apoio ao Acolhimento Humanitário de Migrantes Transnacionais e Refugiados,57,Frente Parlamentar Mista em Apoio ao Acolhimento Humanitário,178963,Covatti Filho,PP,RS,,Membro
55604,Frente Parlamentar Mista em Apoio ao Acolhimento Humanitário de Migrantes Transnacionais e Refugiados,57,Frente Parlamentar Mista em Apoio ao Acolhimento Humanitário,204404,Lucas Redecker,PSD,RS,RS,Membro
55604,Frente Parlamentar Mista em Apoio ao Acolhimento Humanitário de Migrantes Transnacionais e Refugiados,57,Frente Parlamentar Mista em Apoio ao Acolhimento Humanitário,204457,Juninho do Pneu,PSDB,RJ,RJ,Membro
55604,Frente Parlamentar Mista em Apoio ao Acolhimento Humanitário de Migrantes Transnacionais e Refugiados,57,Frente Parlamentar Mista em Apoio ao Acolhimento Humanitário,204517,Zé Vitor,PL,MG,MG,Membro
55604,Frente Parlamentar Mista em Apoio ao Acolhimento Humanitário de Migrantes Transnacionais e Refugiados,57,Frente Parlamentar Mista em Apoio ao Acolhimento Humanitário,205550,Jorge Braz,REPUBLICANOS,RJ,RJ,Membro
55604,Frente Parlamentar Mista em Apoio ao Acolhimento Humanitário de Migrantes Transnacionais e Refugiados,57,Frente Parlamentar Mista em Apoio ao Acolhimento Humanitário,209787,Nikolas Ferreira,PL,MG,MG,Membro
55604,Frente Parlamentar Mista em Apoio ao Acolhimento Humanitário de Migrantes Transnacionais e Refugiados,57,Frente Parlamentar Mista em Apoio ao Acolhimento Humanitário,220534,Fred Linhares,REPUBLICANOS,DF,DF,Membro
55604,Frente Parlamentar Mista em Apoio ao Acolhimento Humanitário de Migrantes Transnacionais e Refugiados,57,Frente Parlamentar Mista em Apoio ao Acolhimento Humanitário,220601,Washington Quaquá,PT,RJ,,Membro
55604,Frente Parlamentar Mista em Apoio ao Acolhimento Humanitário de Migrantes Transnacionais e Refugiados,57,Frente Parlamentar Mista em Apoio ao Acolhimento Humanitário,220646,Felipe Becari,PODE,SP,SP,Membro
55604,Frente Parlamentar Mista em Apoio ao Acolhimento Humanitário de Migrantes Transnacionais e Refugiados,57,Frente Parlamentar Mista em Apoio ao Acolhimento Humanitário,220651,Simone Marquetto,PP,SP,SP,Membro
55604,Frente Parlamentar Mista em Apoio ao Acolhimento Humanitário de Migrantes Transnacionais e Refugiados,57,Frente Parlamentar Mista em Apoio ao Acolhimento Humanitário,220657,André Fernandes,PL,CE,CE,Membro
55604,Frente Parlamentar Mista em Apoio ao Acolhimento Humanitário de Migrantes Transnacionais e Refugiados,57,Frente Parlamentar Mista em Apoio ao Acolhimento Humanitário,220676,Andreia Siqueira,PSB,PA,PA,Membro
55604,Frente Parlamentar Mista em Apoio ao Acolhimento Humanitário de Migrantes Transnacionais e Refugiados,57,Frente Parlamentar Mista em Apoio ao Acolhimento Humanitário,220685,Paulo Litro,UNIÃO,PR,PR,Membro
55599,Frente Parlamentar por Doenças Crônicas de Pele,57,Frente Parlamentar por Doenças Crônicas de Pele,178947,Sóstenes Cavalcante,PL,RJ,RJ,Membro
55599,Frente Parlamentar por Doenças Crônicas de Pele,57,Frente Parlamentar por Doenças Crônicas de Pele,178954,Lucio Mosquini,PL,RO,RO,Membro
55599,Frente Parlamentar por Doenças Crônicas de Pele,57,Frente Parlamentar por Doenças Crônicas de Pele,178985,Miguel Lombardi,PL,SP,SP,Membro
55599,Frente Parlamentar por Doenças Crônicas de Pele,57,Frente Parlamentar por Doenças Crônicas de Pele,204436,Isnaldo Bulhões Jr.,MDB,AL,AL,Membro
55599,Frente Parlamentar por Doenças Crônicas de Pele,57,Frente Parlamentar por Doenças Crônicas de Pele,204494,Fred Costa,PRD,MG,MG,Membro
55599,Frente Parlamentar por Doenças Crônicas de Pele,57,Frente Parlamentar por Doenças Crônicas de Pele,220563,Icaro de Valmir,REPUBLICANOS,SE,SE,Membro
55599,Frente Parlamentar por Doenças Crônicas de Pele,57,Frente Parlamentar por Doenças Crônicas de Pele,220581,Luciano Amaral,PSD,AL,AL,Membro
55599,Frente Parlamentar por Doenças Crônicas de Pele,57,Frente Parlamentar por Doenças Crônicas de Pele,220584,Murilo Galdino,REPUBLICANOS,PB,PB,Membro
55599,Frente Parlamentar por Doenças Crônicas de Pele,57,Frente Parlamentar por Doenças Crônicas de Pele,220619,Delegado Ramagem,PL,RJ,,Membro
55599,Frente Parlamentar por Doenças Crônicas de Pele,57,Frente Parlamentar por Doenças Crônicas de Pele,220685,Paulo Litro,UNIÃO,PR,PR,Membro
54566,Frente Parlamentar Mista do Desenvolvimento Tecnológico e Cultural do Brasil e Coreia do Sul,57,Frente Parlamentar Mista do Desenvolvimento Tecnológico e Cu,133439,André Figueiredo,PDT,CE,CE,Membro
54566,Frente Parlamentar Mista do Desenvolvimento Tecnológico e Cultural do Brasil e Coreia do Sul,57,Frente Parlamentar Mista do Desenvolvimento Tecnológico e Cu,141485,Luiz Carlos Busato,UNIÃO,RS,RS,Membro
54566,Frente Parlamentar Mista do Desenvolvimento Tecnológico e Cultural do Brasil e Coreia do Sul,57,Frente Parlamentar Mista do Desenvolvimento Tecnológico e Cu,160600,Arthur Oliveira Maia,UNIÃO,BA,BA,Membro
54566,Frente Parlamentar Mista do Desenvolvimento Tecnológico e Cultural do Brasil e Coreia do Sul,57,Frente Parlamentar Mista do Desenvolvimento Tecnológico e Cu,178946,Soraya Santos,PL,RJ,RJ,Membro
54566,Frente Parlamentar Mista do Desenvolvimento Tecnológico e Cultural do Brasil e Coreia do Sul,57,Frente Parlamentar Mista do Desenvolvimento Tecnológico e Cu,204391,José Nelto,UNIÃO,GO,GO,Membro
54566,Frente Parlamentar Mista do Desenvolvimento Tecnológico e Cultural do Brasil e Coreia do Sul,57,Frente Parlamentar Mista do Desenvolvimento Tecnológico e Cu,204416,Sanderson,PL,RS,RS,Membro
54566,Frente Parlamentar Mista do Desenvolvimento Tecnológico e Cultural do Brasil e Coreia do Sul,57,Frente Parlamentar Mista do Desenvolvimento Tecnológico e Cu,204506,Marcos Pereira,REPUBLICANOS,SP,SP,Membro
54566,Frente Parlamentar Mista do Desenvolvimento Tecnológico e Cultural do Brasil e Coreia do Sul,57,Frente Parlamentar Mista do Desenvolvimento Tecnológico e Cu,220574,Cabo Gilberto Silva,PL,PB,PB,Membro
54566,Frente Parlamentar Mista do Desenvolvimento Tecnológico e Cultural do Brasil e Coreia do Sul,57,Frente Parlamentar Mista do Desenvolvimento Tecnológico e Cu,220590,Coronel Ulysses,UNIÃO,AC,AC,Membro
54566,Frente Parlamentar Mista do Desenvolvimento Tecnológico e Cultural do Brasil e Coreia do Sul,57,Frente Parlamentar Mista do Desenvolvimento Tecnológico e Cu,220635,Bruno Ganem,PODE,SP,SP,Membro
54566,Frente Parlamentar Mista do Desenvolvimento Tecnológico e Cultural do Brasil e Coreia do Sul,57,Frente Parlamentar Mista do Desenvolvimento Tecnológico e Cu,220659,Dayany Bittencourt,UNIÃO,CE,,Membro
54566,Frente Parlamentar Mista do Desenvolvimento Tecnológico e Cultural do Brasil e Coreia do Sul,57,Frente Parlamentar Mista do Desenvolvimento Tecnológico e Cu,220662,Lucas Ramos,PSB,PE,PE,Membro
54566,Frente Parlamentar Mista do Desenvolvimento Tecnológico e Cultural do Brasil e Coreia do Sul,57,Frente Parlamentar Mista do Desenvolvimento Tecnológico e Cu,220695,Rogéria Santos,REPUBLICANOS,BA,BA,Membro
54558,Frente Parlamentar Mista em Apoio aos Objetivos de Desenvolvimento Sustentável da ONU - ODS,57,Frente Parlamentar Mista em Apoio aos Objetivos de Desenvolv,160575,Erika Kokay,PT,DF,DF,Coordenador
54558,Frente Parlamentar Mista em Apoio aos Objetivos de Desenvolvimento Sustentável da ONU - ODS,57,Frente Parlamentar Mista em Apoio aos Objetivos de Desenvolv,73441,Celso Russomanno,REPUBLICANOS,SP,SP,Membro
54558,Frente Parlamentar Mista em Apoio aos Objetivos de Desenvolvimento Sustentável da ONU - ODS,57,Frente Parlamentar Mista em Apoio aos Objetivos de Desenvolv,74041,Luiz Couto,PT,PB,PB,Membro
54558,Frente Parlamentar Mista em Apoio aos Objetivos de Desenvolvimento Sustentável da ONU - ODS,57,Frente Parlamentar Mista em Apoio aos Objetivos de Desenvolv,139285,Lídice da Mata,PSB,BA,BA,Membro
54558,Frente Parlamentar Mista em Apoio aos Objetivos de Desenvolvimento Sustentável da ONU - ODS,57,Frente Parlamentar Mista em Apoio aos Objetivos de Desenvolv,150418,Márcio Marinho,REPUBLICANOS,BA,BA,Membro
54558,Frente Parlamentar Mista em Apoio aos Objetivos de Desenvolvimento Sustentável da ONU - ODS,57,Frente Parlamentar Mista em Apoio aos Objetivos de Desenvolv,157130,Túlio Gadêlha,PSD,PE,PE,Membro
54558,Frente Parlamentar Mista em Apoio aos Objetivos de Desenvolvimento Sustentável da ONU - ODS,57,Frente Parlamentar Mista em Apoio aos Objetivos de Desenvolv,160161,Marcelo Queiroz,PSDB,RJ,RJ,Membro
54558,Frente Parlamentar Mista em Apoio aos Objetivos de Desenvolvimento Sustentável da ONU - ODS,57,Frente Parlamentar Mista em Apoio aos Objetivos de Desenvolv,160569,Waldenor Pereira,PT,BA,BA,Membro
54558,Frente Parlamentar Mista em Apoio aos Objetivos de Desenvolvimento Sustentável da ONU - ODS,57,Frente Parlamentar Mista em Apoio aos Objetivos de Desenvolv,160635,Ruy Carneiro,PODE,PB,PB,Membro
54558,Frente Parlamentar Mista em Apoio aos Objetivos de Desenvolvimento Sustentável da ONU - ODS,57,Frente Parlamentar Mista em Apoio aos Objetivos de Desenvolv,162067,Kiko Celeguim,PT,SP,SP,Membro
54558,Frente Parlamentar Mista em Apoio aos Objetivos de Desenvolvimento Sustentável da ONU - ODS,57,Frente Parlamentar Mista em Apoio aos Objetivos de Desenvolv,171617,Paulão,PT,AL,AL,Membro
54558,Frente Parlamentar Mista em Apoio aos Objetivos de Desenvolvimento Sustentável da ONU - ODS,57,Frente Parlamentar Mista em Apoio aos Objetivos de Desenvolv,178954,Lucio Mosquini,PL,RO,RO,Membro
54558,Frente Parlamentar Mista em Apoio aos Objetivos de Desenvolvimento Sustentável da ONU - ODS,57,Frente Parlamentar Mista em Apoio aos Objetivos de Desenvolv,178987,Orlando Silva,PCDOB,SP,SP,Membro
54558,Frente Parlamentar Mista em Apoio aos Objetivos de Desenvolvimento Sustentável da ONU - ODS,57,Frente Parlamentar Mista em Apoio aos Objetivos de Desenvolv,178993,Carlos Henrique Gaguim,UNIÃO,TO,TO,Membro
54558,Frente Parlamentar Mista em Apoio aos Objetivos de Desenvolvimento Sustentável da ONU - ODS,57,Frente Parlamentar Mista em Apoio aos Objetivos de Desenvolv,188097,Merlong Solano,PT,PI,PI,Membro
54558,Frente Parlamentar Mista em Apoio aos Objetivos de Desenvolvimento Sustentável da ONU - ODS,57,Frente Parlamentar Mista em Apoio aos Objetivos de Desenvolv,206018,Célia Xakriabá,PSOL,MG,MG,Membro
54558,Frente Parlamentar Mista em Apoio aos Objetivos de Desenvolvimento Sustentável da ONU - ODS,57,Frente Parlamentar Mista em Apoio aos Objetivos de Desenvolv,220602,Dimas Gadelha,PT,RJ,RJ,Membro
54558,Frente Parlamentar Mista em Apoio aos Objetivos de Desenvolvimento Sustentável da ONU - ODS,57,Frente Parlamentar Mista em Apoio aos Objetivos de Desenvolv,220625,Delegada Ione,AVANTE,MG,MG,Membro
54558,Frente Parlamentar Mista em Apoio aos Objetivos de Desenvolvimento Sustentável da ONU - ODS,57,Frente Parlamentar Mista em Apoio aos Objetivos de Desenvolv,220650,Paulo Alexandre Barbosa,PSDB,SP,SP,Membro
54558,Frente Parlamentar Mista em Apoio aos Objetivos de Desenvolvimento Sustentável da ONU - ODS,57,Frente Parlamentar Mista em Apoio aos Objetivos de Desenvolv,220662,Lucas Ramos,PSB,PE,PE,Membro
54558,Frente Parlamentar Mista em Apoio aos Objetivos de Desenvolvimento Sustentável da ONU - ODS,57,Frente Parlamentar Mista em Apoio aos Objetivos de Desenvolv,220676,Andreia Siqueira,PSB,PA,PA,Membro
54558,Frente Parlamentar Mista em Apoio aos Objetivos de Desenvolvimento Sustentável da ONU - ODS,57,Frente Parlamentar Mista em Apoio aos Objetivos de Desenvolv,220682,Tadeu Veneri,PT,PR,PR,Membro
54558,Frente Parlamentar Mista em Apoio aos Objetivos de Desenvolvimento Sustentável da ONU - ODS,57,Frente Parlamentar Mista em Apoio aos Objetivos de Desenvolv,223128,Rodrigo Estacho,PSD,PR,,Membro
54558,Frente Parlamentar Mista em Apoio aos Objetivos de Desenvolvimento Sustentável da ONU - ODS,57,Frente Parlamentar Mista em Apoio aos Objetivos de Desenvolv,224117,Gabriel Mota,UNIÃO,RR,RR,Membro
55567,Frente Parlamentar Mista da Indústria de Máquinas e Equipamentos - FPMaq,57,Frente Parlamentar Mista da Indústria de Máquinas e Equipame,73604,Rui Falcão,PT,SP,SP,Membro
55567,Frente Parlamentar Mista da Indústria de Máquinas e Equipamentos - FPMaq,57,Frente Parlamentar Mista da Indústria de Máquinas e Equipame,73778,Luiz Carlos Hauly,PODE,PR,PR,Membro
55567,Frente Parlamentar Mista da Indústria de Máquinas e Equipamentos - FPMaq,57,Frente Parlamentar Mista da Indústria de Máquinas e Equipame,74057,Alice Portugal,PCDOB,BA,BA,Membro
55567,Frente Parlamentar Mista da Indústria de Máquinas e Equipamentos - FPMaq,57,Frente Parlamentar Mista da Indústria de Máquinas e Equipame,74383,Giacobo,PSD,PR,,Membro
55567,Frente Parlamentar Mista da Indústria de Máquinas e Equipamentos - FPMaq,57,Frente Parlamentar Mista da Indústria de Máquinas e Equipame,133439,André Figueiredo,PDT,CE,CE,Membro
55567,Frente Parlamentar Mista da Indústria de Máquinas e Equipamentos - FPMaq,57,Frente Parlamentar Mista da Indústria de Máquinas e Equipame,137070,Vicentinho Júnior,PSDB,TO,TO,Membro
55567,Frente Parlamentar Mista da Indústria de Máquinas e Equipamentos - FPMaq,57,Frente Parlamentar Mista da Indústria de Máquinas e Equipame,150418,Márcio Marinho,REPUBLICANOS,BA,BA,Membro
55567,Frente Parlamentar Mista da Indústria de Máquinas e Equipamentos - FPMaq,57,Frente Parlamentar Mista da Indústria de Máquinas e Equipame,160601,Pr. Marco Feliciano,PL,SP,SP,Membro
55567,Frente Parlamentar Mista da Indústria de Máquinas e Equipamentos - FPMaq,57,Frente Parlamentar Mista da Indústria de Máquinas e Equipame,160629,Romero Rodrigues,PODE,PB,PB,Membro
55567,Frente Parlamentar Mista da Indústria de Máquinas e Equipamentos - FPMaq,57,Frente Parlamentar Mista da Indústria de Máquinas e Equipame,160674,Hugo Motta,REPUBLICANOS,PB,PB,Membro
55567,Frente Parlamentar Mista da Indústria de Máquinas e Equipamentos - FPMaq,57,Frente Parlamentar Mista da Indústria de Máquinas e Equipame,204378,Coronel Chrisóstomo,PL,RO,RO,Membro
55567,Frente Parlamentar Mista da Indústria de Máquinas e Equipamentos - FPMaq,57,Frente Parlamentar Mista da Indústria de Máquinas e Equipame,204460,Carlos Jordy,PL,RJ,RJ,Membro
55567,Frente Parlamentar Mista da Indústria de Máquinas e Equipamentos - FPMaq,57,Frente Parlamentar Mista da Indústria de Máquinas e Equipame,204485,Luiz Carlos Motta,PL,SP,SP,Membro
55567,Frente Parlamentar Mista da Indústria de Máquinas e Equipamentos - FPMaq,57,Frente Parlamentar Mista da Indústria de Máquinas e Equipame,220533,Prof. Reginaldo Veras,PV,DF,DF,Membro
55567,Frente Parlamentar Mista da Indústria de Máquinas e Equipamentos - FPMaq,57,Frente Parlamentar Mista da Indústria de Máquinas e Equipame,220570,Dr. Ismael Alexandrino,PSD,GO,GO,Membro
55567,Frente Parlamentar Mista da Indústria de Máquinas e Equipamentos - FPMaq,57,Frente Parlamentar Mista da Indústria de Máquinas e Equipame,220588,Roberto Duarte,REPUBLICANOS,AC,AC,Membro
55567,Frente Parlamentar Mista da Indústria de Máquinas e Equipamentos - FPMaq,57,Frente Parlamentar Mista da Indústria de Máquinas e Equipame,220597,Thiago Flores,UNIÃO,RO,RO,Membro
54564,Frente Parlamentar pela Defesa e Valorização dos Profissionais de Segurança Pública e da Segurança Privada,57,Frente Parlamentar pela Defesa e Valorização dos Profissiona,141408,Cleber Verde,MDB,MA,MA,Membro
54564,Frente Parlamentar pela Defesa e Valorização dos Profissionais de Segurança Pública e da Segurança Privada,57,Frente Parlamentar pela Defesa e Valorização dos Profissiona,160598,Flávia Morais,MDB,GO,GO,Membro
54564,Frente Parlamentar pela Defesa e Valorização dos Profissionais de Segurança Pública e da Segurança Privada,57,Frente Parlamentar pela Defesa e Valorização dos Profissiona,160600,Arthur Oliveira Maia,UNIÃO,BA,BA,Membro
54564,Frente Parlamentar pela Defesa e Valorização dos Profissionais de Segurança Pública e da Segurança Privada,57,Frente Parlamentar pela Defesa e Valorização dos Profissiona,165470,Rodrigo Valadares,PL,SE,SE,Membro
54564,Frente Parlamentar pela Defesa e Valorização dos Profissionais de Segurança Pública e da Segurança Privada,57,Frente Parlamentar pela Defesa e Valorização dos Profissiona,204361,Carlos Chiodini,MDB,SC,SC,Membro
54564,Frente Parlamentar pela Defesa e Valorização dos Profissionais de Segurança Pública e da Segurança Privada,57,Frente Parlamentar pela Defesa e Valorização dos Profissiona,204388,Bibo Nunes,PL,RS,RS,Membro
54564,Frente Parlamentar pela Defesa e Valorização dos Profissionais de Segurança Pública e da Segurança Privada,57,Frente Parlamentar pela Defesa e Valorização dos Profissiona,204491,Gilberto Abramo,REPUBLICANOS,MG,MG,Membro
54564,Frente Parlamentar pela Defesa e Valorização dos Profissionais de Segurança Pública e da Segurança Privada,57,Frente Parlamentar pela Defesa e Valorização dos Profissiona,204522,Marco Bertaiolli,PSD,SP,,Membro
54564,Frente Parlamentar pela Defesa e Valorização dos Profissionais de Segurança Pública e da Segurança Privada,57,Frente Parlamentar pela Defesa e Valorização dos Profissiona,220540,Duda Ramos,PODE,RR,RR,Membro
54564,Frente Parlamentar pela Defesa e Valorização dos Profissionais de Segurança Pública e da Segurança Privada,57,Frente Parlamentar pela Defesa e Valorização dos Profissiona,220547,Marcos Pollon,PL,MS,MS,Membro
54564,Frente Parlamentar pela Defesa e Valorização dos Profissionais de Segurança Pública e da Segurança Privada,57,Frente Parlamentar pela Defesa e Valorização dos Profissiona,220571,Daniel Agrobom,PSD,GO,GO,Membro
54564,Frente Parlamentar pela Defesa e Valorização dos Profissionais de Segurança Pública e da Segurança Privada,57,Frente Parlamentar pela Defesa e Valorização dos Profissiona,220579,Silvia Waiãpi,PL,AP,,Membro
54564,Frente Parlamentar pela Defesa e Valorização dos Profissionais de Segurança Pública e da Segurança Privada,57,Frente Parlamentar pela Defesa e Valorização dos Profissiona,220589,Eduardo Velloso,SOLIDARIEDADE,AC,AC,Membro
54564,Frente Parlamentar pela Defesa e Valorização dos Profissionais de Segurança Pública e da Segurança Privada,57,Frente Parlamentar pela Defesa e Valorização dos Profissiona,220625,Delegada Ione,AVANTE,MG,MG,Membro
54564,Frente Parlamentar pela Defesa e Valorização dos Profissionais de Segurança Pública e da Segurança Privada,57,Frente Parlamentar pela Defesa e Valorização dos Profissiona,220663,Eriberto Medeiros,PSB,PE,PE,Membro
54564,Frente Parlamentar pela Defesa e Valorização dos Profissionais de Segurança Pública e da Segurança Privada,57,Frente Parlamentar pela Defesa e Valorização dos Profissiona,220693,Roberta Roma,PL,BA,BA,Membro
54564,Frente Parlamentar pela Defesa e Valorização dos Profissionais de Segurança Pública e da Segurança Privada,57,Frente Parlamentar pela Defesa e Valorização dos Profissiona,220703,Neto Carletto,AVANTE,BA,BA,Membro
54542,Frente Parlamentar pelo Desenvolvimento da Agroecologia e Produção Orgânica,57,Frente Parlamentar pelo Desenvolvimento da Agroecologia e Pr,74090,Átila Lins,PSD,AM,AM,Membro
54542,Frente Parlamentar pelo Desenvolvimento da Agroecologia e Produção Orgânica,57,Frente Parlamentar pelo Desenvolvimento da Agroecologia e Pr,74253,Julio Lopes,PP,RJ,RJ,Membro
54542,Frente Parlamentar pelo Desenvolvimento da Agroecologia e Produção Orgânica,57,Frente Parlamentar pelo Desenvolvimento da Agroecologia e Pr,74283,Vicentinho,PT,SP,,Membro
54542,Frente Parlamentar pelo Desenvolvimento da Agroecologia e Produção Orgânica,57,Frente Parlamentar pelo Desenvolvimento da Agroecologia e Pr,141485,Luiz Carlos Busato,UNIÃO,RS,RS,Membro
54542,Frente Parlamentar pelo Desenvolvimento da Agroecologia e Produção Orgânica,57,Frente Parlamentar pelo Desenvolvimento da Agroecologia e Pr,160569,Waldenor Pereira,PT,BA,BA,Membro
54542,Frente Parlamentar pelo Desenvolvimento da Agroecologia e Produção Orgânica,57,Frente Parlamentar pelo Desenvolvimento da Agroecologia e Pr,178954,Lucio Mosquini,PL,RO,RO,Membro
54542,Frente Parlamentar pelo Desenvolvimento da Agroecologia e Produção Orgânica,57,Frente Parlamentar pelo Desenvolvimento da Agroecologia e Pr,204407,Fernanda Melchionna,PSOL,RS,RS,Membro
54542,Frente Parlamentar pelo Desenvolvimento da Agroecologia e Produção Orgânica,57,Frente Parlamentar pelo Desenvolvimento da Agroecologia e Pr,204457,Juninho do Pneu,PSDB,RJ,RJ,Membro
54542,Frente Parlamentar pelo Desenvolvimento da Agroecologia e Produção Orgânica,57,Frente Parlamentar pelo Desenvolvimento da Agroecologia e Pr,220540,Duda Ramos,PODE,RR,RR,Membro
54542,Frente Parlamentar pelo Desenvolvimento da Agroecologia e Produção Orgânica,57,Frente Parlamentar pelo Desenvolvimento da Agroecologia e Pr,220564,Yandra Moura,UNIÃO,SE,SE,Membro
54542,Frente Parlamentar pelo Desenvolvimento da Agroecologia e Produção Orgânica,57,Frente Parlamentar pelo Desenvolvimento da Agroecologia e Pr,220601,Washington Quaquá,PT,RJ,,Membro
54542,Frente Parlamentar pelo Desenvolvimento da Agroecologia e Produção Orgânica,57,Frente Parlamentar pelo Desenvolvimento da Agroecologia e Pr,220687,Márcio Honaiser,SOLIDARIEDADE,MA,MA,Membro
54538,Frente Parlamentar em Defesa da Vida e da Família,57,Frente Parlamentar em Defesa da Vida e da Família,74156,Leonardo Monteiro,PT,MG,MG,Membro
54538,Frente Parlamentar em Defesa da Vida e da Família,57,Frente Parlamentar em Defesa da Vida e da Família,154178,Milton Vieira,REPUBLICANOS,SP,SP,Membro
54538,Frente Parlamentar em Defesa da Vida e da Família,57,Frente Parlamentar em Defesa da Vida e da Família,178934,Toninho Wandscheer,PP,PR,PR,Membro
54538,Frente Parlamentar em Defesa da Vida e da Família,57,Frente Parlamentar em Defesa da Vida e da Família,204462,Chris Tonietto,PL,RJ,RJ,Membro
54538,Frente Parlamentar em Defesa da Vida e da Família,57,Frente Parlamentar em Defesa da Vida e da Família,204550,Júnior Mano,PSB,CE,CE,Membro
54538,Frente Parlamentar em Defesa da Vida e da Família,57,Frente Parlamentar em Defesa da Vida e da Família,220574,Cabo Gilberto Silva,PL,PB,PB,Membro
54538,Frente Parlamentar em Defesa da Vida e da Família,57,Frente Parlamentar em Defesa da Vida e da Família,220689,Detinha,PL,MA,,Membro
54544,Frente Parlamentar Mista do Artesão e Apoio do Artesanato Brasileiro,57,Frente Parlamentar Mista do Artesão e Apoio do Artesanato Br,73433,Arlindo Chinaglia,PT,SP,SP,Membro
54544,Frente Parlamentar Mista do Artesão e Apoio do Artesanato Brasileiro,57,Frente Parlamentar Mista do Artesão e Apoio do Artesanato Br,74041,Luiz Couto,PT,PB,PB,Membro
54544,Frente Parlamentar Mista do Artesão e Apoio do Artesanato Brasileiro,57,Frente Parlamentar Mista do Artesão e Apoio do Artesanato Br,74075,Elcione Barbalho,MDB,PA,PA,Membro
54544,Frente Parlamentar Mista do Artesão e Apoio do Artesanato Brasileiro,57,Frente Parlamentar Mista do Artesão e Apoio do Artesanato Br,74398,Maria do Rosário,PT,RS,RS,Membro
54544,Frente Parlamentar Mista do Artesão e Apoio do Artesanato Brasileiro,57,Frente Parlamentar Mista do Artesão e Apoio do Artesanato Br,136811,Afonso Hamm,PP,RS,RS,Membro
54544,Frente Parlamentar Mista do Artesão e Apoio do Artesanato Brasileiro,57,Frente Parlamentar Mista do Artesão e Apoio do Artesanato Br,160517,Paulo Folletto,PSB,ES,ES,Membro
54544,Frente Parlamentar Mista do Artesão e Apoio do Artesanato Brasileiro,57,Frente Parlamentar Mista do Artesão e Apoio do Artesanato Br,160518,Weliton Prado,SOLIDARIEDADE,MG,MG,Membro
54544,Frente Parlamentar Mista do Artesão e Apoio do Artesanato Brasileiro,57,Frente Parlamentar Mista do Artesão e Apoio do Artesanato Br,160666,Félix Mendonça Júnior,PDT,BA,BA,Membro
54544,Frente Parlamentar Mista do Artesão e Apoio do Artesanato Brasileiro,57,Frente Parlamentar Mista do Artesão e Apoio do Artesanato Br,161550,Emidinho Madeira,PL,MG,MG,Membro
54544,Frente Parlamentar Mista do Artesão e Apoio do Artesanato Brasileiro,57,Frente Parlamentar Mista do Artesão e Apoio do Artesanato Br,178887,Rubens Pereira Júnior,PT,MA,MA,Membro
54544,Frente Parlamentar Mista do Artesão e Apoio do Artesanato Brasileiro,57,Frente Parlamentar Mista do Artesão e Apoio do Artesanato Br,178986,Nilto Tatto,PT,SP,SP,Membro
54544,Frente Parlamentar Mista do Artesão e Apoio do Artesanato Brasileiro,57,Frente Parlamentar Mista do Artesão e Apoio do Artesanato Br,204406,Pedro Westphalen,PP,RS,RS,Membro
54544,Frente Parlamentar Mista do Artesão e Apoio do Artesanato Brasileiro,57,Frente Parlamentar Mista do Artesão e Apoio do Artesanato Br,204407,Fernanda Melchionna,PSOL,RS,RS,Membro
54544,Frente Parlamentar Mista do Artesão e Apoio do Artesanato Brasileiro,57,Frente Parlamentar Mista do Artesão e Apoio do Artesanato Br,204522,Marco Bertaiolli,PSD,SP,,Membro
54544,Frente Parlamentar Mista do Artesão e Apoio do Artesanato Brasileiro,57,Frente Parlamentar Mista do Artesão e Apoio do Artesanato Br,213274,Ricardo Silva,PSD,SP,,Membro
54544,Frente Parlamentar Mista do Artesão e Apoio do Artesanato Brasileiro,57,Frente Parlamentar Mista do Artesão e Apoio do Artesanato Br,220647,Mauricio Neves,PP,SP,SP,Membro
54547,Frente Parlamentar em Defesa das Cooperativas e Pequenos Laticínios do Brasil com Leite Nacional e da Pecuária Leiteira Brasileira (FPDCPLB),57,Frente Parlamentar em Defesa das Cooperativas e Pequenos Lat,73768,Dilceu Sperafico,PP,PR,PR,Membro
54547,Frente Parlamentar em Defesa das Cooperativas e Pequenos Laticínios do Brasil com Leite Nacional e da Pecuária Leiteira Brasileira (FPDCPLB),57,Frente Parlamentar em Defesa das Cooperativas e Pequenos Lat,98148,Cobalchini,MDB,SC,SC,Membro
54547,Frente Parlamentar em Defesa das Cooperativas e Pequenos Laticínios do Brasil com Leite Nacional e da Pecuária Leiteira Brasileira (FPDCPLB),57,Frente Parlamentar em Defesa das Cooperativas e Pequenos Lat,153423,Renilce Nicodemos,MDB,PA,PA,Membro
54547,Frente Parlamentar em Defesa das Cooperativas e Pequenos Laticínios do Brasil com Leite Nacional e da Pecuária Leiteira Brasileira (FPDCPLB),57,Frente Parlamentar em Defesa das Cooperativas e Pequenos Lat,178843,Marx Beltrão,UNIÃO,AL,AL,Membro
54547,Frente Parlamentar em Defesa das Cooperativas e Pequenos Laticínios do Brasil com Leite Nacional e da Pecuária Leiteira Brasileira (FPDCPLB),57,Frente Parlamentar em Defesa das Cooperativas e Pequenos Lat,178946,Soraya Santos,PL,RJ,RJ,Membro
54547,Frente Parlamentar em Defesa das Cooperativas e Pequenos Laticínios do Brasil com Leite Nacional e da Pecuária Leiteira Brasileira (FPDCPLB),57,Frente Parlamentar em Defesa das Cooperativas e Pequenos Lat,179000,Marcelo Álvaro Antônio,PL,MG,MG,Membro
54547,Frente Parlamentar em Defesa das Cooperativas e Pequenos Laticínios do Brasil com Leite Nacional e da Pecuária Leiteira Brasileira (FPDCPLB),57,Frente Parlamentar em Defesa das Cooperativas e Pequenos Lat,204361,Carlos Chiodini,MDB,SC,SC,Membro
54547,Frente Parlamentar em Defesa das Cooperativas e Pequenos Laticínios do Brasil com Leite Nacional e da Pecuária Leiteira Brasileira (FPDCPLB),57,Frente Parlamentar em Defesa das Cooperativas e Pequenos Lat,204563,Josimar Maranhãozinho,PL,MA,,Membro
54547,Frente Parlamentar em Defesa das Cooperativas e Pequenos Laticínios do Brasil com Leite Nacional e da Pecuária Leiteira Brasileira (FPDCPLB),57,Frente Parlamentar em Defesa das Cooperativas e Pequenos Lat,220540,Duda Ramos,PODE,RR,RR,Membro
54547,Frente Parlamentar em Defesa das Cooperativas e Pequenos Laticínios do Brasil com Leite Nacional e da Pecuária Leiteira Brasileira (FPDCPLB),57,Frente Parlamentar em Defesa das Cooperativas e Pequenos Lat,220605,Bandeira de Mello,PV,RJ,RJ,Membro
54547,Frente Parlamentar em Defesa das Cooperativas e Pequenos Laticínios do Brasil com Leite Nacional e da Pecuária Leiteira Brasileira (FPDCPLB),57,Frente Parlamentar em Defesa das Cooperativas e Pequenos Lat,220628,Mauricio do Vôlei,PL,MG,MG,Membro
54534,Frente Parlamentar Mista dos Técnicos Agrícolas,57,Frente Parlamentar Mista dos Técnicos Agrícolas,73579,Alberto Fraga,PL,DF,DF,Membro
54534,Frente Parlamentar Mista dos Técnicos Agrícolas,57,Frente Parlamentar Mista dos Técnicos Agrícolas,73768,Dilceu Sperafico,PP,PR,PR,Membro
54534,Frente Parlamentar Mista dos Técnicos Agrícolas,57,Frente Parlamentar Mista dos Técnicos Agrícolas,74253,Julio Lopes,PP,RJ,RJ,Membro
54534,Frente Parlamentar Mista dos Técnicos Agrícolas,57,Frente Parlamentar Mista dos Técnicos Agrícolas,160598,Flávia Morais,MDB,GO,GO,Membro
54534,Frente Parlamentar Mista dos Técnicos Agrícolas,57,Frente Parlamentar Mista dos Técnicos Agrícolas,178934,Toninho Wandscheer,PP,PR,PR,Membro
54534,Frente Parlamentar Mista dos Técnicos Agrícolas,57,Frente Parlamentar Mista dos Técnicos Agrícolas,204351,Dr. Luiz Ovando,PP,MS,MS,Membro
54534,Frente Parlamentar Mista dos Técnicos Agrícolas,57,Frente Parlamentar Mista dos Técnicos Agrícolas,204361,Carlos Chiodini,MDB,SC,SC,Membro
54534,Frente Parlamentar Mista dos Técnicos Agrícolas,57,Frente Parlamentar Mista dos Técnicos Agrícolas,204570,Pastor Gil,PL,MA,MA,Membro
54534,Frente Parlamentar Mista dos Técnicos Agrícolas,57,Frente Parlamentar Mista dos Técnicos Agrícolas,204573,Otto Alencar Filho,PSD,BA,,Membro
54534,Frente Parlamentar Mista dos Técnicos Agrícolas,57,Frente Parlamentar Mista dos Técnicos Agrícolas,220561,Delegada Katarina,PSD,SE,SE,Membro
54534,Frente Parlamentar Mista dos Técnicos Agrícolas,57,Frente Parlamentar Mista dos Técnicos Agrícolas,220611,General Pazuello,PL,RJ,RJ,Membro
54534,Frente Parlamentar Mista dos Técnicos Agrícolas,57,Frente Parlamentar Mista dos Técnicos Agrícolas,220631,Samuel Viana,UNIÃO,MG,MG,Membro
54534,Frente Parlamentar Mista dos Técnicos Agrícolas,57,Frente Parlamentar Mista dos Técnicos Agrícolas,220668,Maria Arraes,PSB,PE,PE,Membro
54534,Frente Parlamentar Mista dos Técnicos Agrícolas,57,Frente Parlamentar Mista dos Técnicos Agrícolas,220694,Ricardo Maia,MDB,BA,BA,Membro
54534,Frente Parlamentar Mista dos Técnicos Agrícolas,57,Frente Parlamentar Mista dos Técnicos Agrícolas,220697,Jadyel Alencar,REPUBLICANOS,PI,PI,Membro
54534,Frente Parlamentar Mista dos Técnicos Agrícolas,57,Frente Parlamentar Mista dos Técnicos Agrícolas,220712,Fausto Jr.,UNIÃO,AM,AM,Membro
54501,Frente Parlamentar do Cooperativismo (Frencoop),57,Frente Parlamentar do Cooperativismo (Frencoop),69871,Bacelar,PV,BA,BA,Membro
54501,Frente Parlamentar do Cooperativismo (Frencoop),57,Frente Parlamentar do Cooperativismo (Frencoop),74537,Claudio Cajado,PP,BA,BA,Membro
54501,Frente Parlamentar do Cooperativismo (Frencoop),57,Frente Parlamentar do Cooperativismo (Frencoop),98615,Ismael,PL,SC,SC,Membro
54501,Frente Parlamentar do Cooperativismo (Frencoop),57,Frente Parlamentar do Cooperativismo (Frencoop),104552,Socorro Neri,PP,AC,AC,Membro
54501,Frente Parlamentar do Cooperativismo (Frencoop),57,Frente Parlamentar do Cooperativismo (Frencoop),141459,João Maia,PP,RN,RN,Membro
54501,Frente Parlamentar do Cooperativismo (Frencoop),57,Frente Parlamentar do Cooperativismo (Frencoop),141555,Vinicius Carvalho,PL,SP,SP,Membro
54501,Frente Parlamentar do Cooperativismo (Frencoop),57,Frente Parlamentar do Cooperativismo (Frencoop),153423,Renilce Nicodemos,MDB,PA,PA,Membro
54501,Frente Parlamentar do Cooperativismo (Frencoop),57,Frente Parlamentar do Cooperativismo (Frencoop),160535,Marcon,PT,RS,RS,Membro
54501,Frente Parlamentar do Cooperativismo (Frencoop),57,Frente Parlamentar do Cooperativismo (Frencoop),198783,Emanuel Pinheiro Neto,PSD,MT,MT,Membro
54501,Frente Parlamentar do Cooperativismo (Frencoop),57,Frente Parlamentar do Cooperativismo (Frencoop),204390,Professor Alcides,PSDB,GO,GO,Membro
54501,Frente Parlamentar do Cooperativismo (Frencoop),57,Frente Parlamentar do Cooperativismo (Frencoop),204426,Carlos Veras,PT,PE,PE,Membro
54501,Frente Parlamentar do Cooperativismo (Frencoop),57,Frente Parlamentar do Cooperativismo (Frencoop),204481,Dr. Jaziel,PL,CE,CE,Membro
54501,Frente Parlamentar do Cooperativismo (Frencoop),57,Frente Parlamentar do Cooperativismo (Frencoop),204488,Célio Studart,PSD,CE,CE,Membro
54501,Frente Parlamentar do Cooperativismo (Frencoop),57,Frente Parlamentar do Cooperativismo (Frencoop),204504,Cezinha de Madureira,PL,SP,SP,Membro
54501,Frente Parlamentar do Cooperativismo (Frencoop),57,Frente Parlamentar do Cooperativismo (Frencoop),204539,Hercílio Coelho Diniz,MDB,MG,MG,Membro
54501,Frente Parlamentar do Cooperativismo (Frencoop),57,Frente Parlamentar do Cooperativismo (Frencoop),204567,Raimundo Costa,PSD,BA,BA,Membro
54501,Frente Parlamentar do Cooperativismo (Frencoop),57,Frente Parlamentar do Cooperativismo (Frencoop),205476,Charles Fernandes,PSD,BA,BA,Membro
54501,Frente Parlamentar do Cooperativismo (Frencoop),57,Frente Parlamentar do Cooperativismo (Frencoop),220534,Fred Linhares,REPUBLICANOS,DF,DF,Membro
54501,Frente Parlamentar do Cooperativismo (Frencoop),57,Frente Parlamentar do Cooperativismo (Frencoop),220537,Helena Lima,PSD,RR,RR,Membro
54501,Frente Parlamentar do Cooperativismo (Frencoop),57,Frente Parlamentar do Cooperativismo (Frencoop),220557,Daniela Reinehr,PL,SC,SC,Membro
54501,Frente Parlamentar do Cooperativismo (Frencoop),57,Frente Parlamentar do Cooperativismo (Frencoop),220566,Lêda Borges,REPUBLICANOS,GO,GO,Membro
54501,Frente Parlamentar do Cooperativismo (Frencoop),57,Frente Parlamentar do Cooperativismo (Frencoop),220581,Luciano Amaral,PSD,AL,AL,Membro
54501,Frente Parlamentar do Cooperativismo (Frencoop),57,Frente Parlamentar do Cooperativismo (Frencoop),220607,Max Lemos,PDT,RJ,RJ,Membro
54501,Frente Parlamentar do Cooperativismo (Frencoop),57,Frente Parlamentar do Cooperativismo (Frencoop),220705,Deltan Dallagnol,PODE,PR,,Membro
54513,Frente Parlamentar pelo Fortalecimento do SAMU - Serviço de Atendimento Móvel de Urgência.,57,Frente Parlamentar pelo Fortalecimento do SAMU - Serviço de ,74160,Patrus Ananias,PT,MG,MG,Membro
54513,Frente Parlamentar pelo Fortalecimento do SAMU - Serviço de Atendimento Móvel de Urgência.,57,Frente Parlamentar pelo Fortalecimento do SAMU - Serviço de ,74784,Luiza Erundina,PSOL,SP,SP,Membro
54513,Frente Parlamentar pelo Fortalecimento do SAMU - Serviço de Atendimento Móvel de Urgência.,57,Frente Parlamentar pelo Fortalecimento do SAMU - Serviço de ,204351,Dr. Luiz Ovando,PP,MS,MS,Membro
54513,Frente Parlamentar pelo Fortalecimento do SAMU - Serviço de Atendimento Móvel de Urgência.,57,Frente Parlamentar pelo Fortalecimento do SAMU - Serviço de ,204473,General Girão,PL,RN,RN,Membro
54513,Frente Parlamentar pelo Fortalecimento do SAMU - Serviço de Atendimento Móvel de Urgência.,57,Frente Parlamentar pelo Fortalecimento do SAMU - Serviço de ,204485,Luiz Carlos Motta,PL,SP,SP,Membro
54513,Frente Parlamentar pelo Fortalecimento do SAMU - Serviço de Atendimento Móvel de Urgência.,57,Frente Parlamentar pelo Fortalecimento do SAMU - Serviço de ,204525,Rosana Valle,PL,SP,SP,Membro
54513,Frente Parlamentar pelo Fortalecimento do SAMU - Serviço de Atendimento Móvel de Urgência.,57,Frente Parlamentar pelo Fortalecimento do SAMU - Serviço de ,220554,Alexandre Lindenmeyer,PT,RS,RS,Membro
54513,Frente Parlamentar pelo Fortalecimento do SAMU - Serviço de Atendimento Móvel de Urgência.,57,Frente Parlamentar pelo Fortalecimento do SAMU - Serviço de ,220589,Eduardo Velloso,SOLIDARIEDADE,AC,AC,Membro
54513,Frente Parlamentar pelo Fortalecimento do SAMU - Serviço de Atendimento Móvel de Urgência.,57,Frente Parlamentar pelo Fortalecimento do SAMU - Serviço de ,220592,Zezinho Barbary,PP,AC,AC,Membro
54513,Frente Parlamentar pelo Fortalecimento do SAMU - Serviço de Atendimento Móvel de Urgência.,57,Frente Parlamentar pelo Fortalecimento do SAMU - Serviço de ,220602,Dimas Gadelha,PT,RJ,RJ,Membro
54513,Frente Parlamentar pelo Fortalecimento do SAMU - Serviço de Atendimento Móvel de Urgência.,57,Frente Parlamentar pelo Fortalecimento do SAMU - Serviço de ,220609,Maurício Carvalho,UNIÃO,RO,RO,Membro
54513,Frente Parlamentar pelo Fortalecimento do SAMU - Serviço de Atendimento Móvel de Urgência.,57,Frente Parlamentar pelo Fortalecimento do SAMU - Serviço de ,220674,Dra. Alessandra Haber,PODE,PA,PA,Membro
54513,Frente Parlamentar pelo Fortalecimento do SAMU - Serviço de Atendimento Móvel de Urgência.,57,Frente Parlamentar pelo Fortalecimento do SAMU - Serviço de ,220695,Rogéria Santos,REPUBLICANOS,BA,BA,Membro
54503,Frente Parlamentar Mista em Defesa do Setor Coureiro - Calçadista,57,Frente Parlamentar Mista em Defesa do Setor Coureiro - Calça,74537,Claudio Cajado,PP,BA,BA,Membro
54503,Frente Parlamentar Mista em Defesa do Setor Coureiro - Calçadista,57,Frente Parlamentar Mista em Defesa do Setor Coureiro - Calça,160601,Pr. Marco Feliciano,PL,SP,SP,Membro
54503,Frente Parlamentar Mista em Defesa do Setor Coureiro - Calçadista,57,Frente Parlamentar Mista em Defesa do Setor Coureiro - Calça,178964,Heitor Schuch,PSD,RS,RS,Membro
54503,Frente Parlamentar Mista em Defesa do Setor Coureiro - Calçadista,57,Frente Parlamentar Mista em Defesa do Setor Coureiro - Calça,204425,Silvio Costa Filho,REPUBLICANOS,PE,PE,Membro
54503,Frente Parlamentar Mista em Defesa do Setor Coureiro - Calçadista,57,Frente Parlamentar Mista em Defesa do Setor Coureiro - Calça,204536,Kim Kataguiri,MISSÃO,SP,SP,Membro
54503,Frente Parlamentar Mista em Defesa do Setor Coureiro - Calçadista,57,Frente Parlamentar Mista em Defesa do Setor Coureiro - Calça,204541,Eduardo Bismarck,PV,CE,CE,Membro
54503,Frente Parlamentar Mista em Defesa do Setor Coureiro - Calçadista,57,Frente Parlamentar Mista em Defesa do Setor Coureiro - Calça,204574,Junior Lourenço,MDB,MA,MA,Membro
54503,Frente Parlamentar Mista em Defesa do Setor Coureiro - Calçadista,57,Frente Parlamentar Mista em Defesa do Setor Coureiro - Calça,220551,Franciane Bayer,REPUBLICANOS,RS,RS,Membro
54503,Frente Parlamentar Mista em Defesa do Setor Coureiro - Calçadista,57,Frente Parlamentar Mista em Defesa do Setor Coureiro - Calça,220613,Roberto Monteiro Pai,PL,RJ,RJ,Membro
54503,Frente Parlamentar Mista em Defesa do Setor Coureiro - Calçadista,57,Frente Parlamentar Mista em Defesa do Setor Coureiro - Calça,220691,Diego Coronel,REPUBLICANOS,BA,BA,Membro
54503,Frente Parlamentar Mista em Defesa do Setor Coureiro - Calçadista,57,Frente Parlamentar Mista em Defesa do Setor Coureiro - Calça,220697,Jadyel Alencar,REPUBLICANOS,PI,PI,Membro
54469,